id	category	count	nyuId	nyu40id	eigen13id	nyuClass	nyu40class	eigen13class	ModelNet40	ModelNet10	ShapeNetCore55	synsetoffset	wnsynsetid	wnsynsetkey
1	wall	7274	21	1	12	wall	wall	Wall					n04546855	wall.n.01
2	chair	5419	5	5	4	chair	chair	Chair	chair	chair	chair	3001627	n03001627	chair.n.01
3	floor	3910	11	2	5	floor	floor	Floor					n03365592	floor.n.01
4	table	2664	19	7	10	table	table	Table	table	table	table	4379243	n04379243	table.n.02
5	door	1400	28	8	12	door	door	Wall	door				n03221720	door.n.01
6	couch	1222	83	6	9	sofa	sofa	Sofa	sofa	sofa	sofa	4256520	n04256520	sofa.n.01
7	cabinet	1106	3	3	6	cabinet	cabinet	Furniture			cabinet	2933112	n02933112	cabinet.n.01
8	shelf	889	42	15	6	shelves	shelves	Furniture	bookshelf		bookshelf	2871439	n02871439	bookshelf.n.01
9	desk	862	36	14	10	desk	desk	Table	desk	desk	table	4379243	n03179701	desk.n.01
10	office chair	837	5	5	4	chair	chair	Chair	chair	chair	chair	3001627	n04373704	swivel_chair.n.01
11	bed	814	157	4	1	bed	bed	Bed	bed	bed	bed	2818832	n02818832	bed.n.01
12	trashcan	688	12	39	6	garbage bin	otherfurniture	Furniture			trash_bin	2747177	n02747177	ashcan.n.01
13	pillow	608	119	18	7	pillow	pillow	Objects			pillow	3938244	n03938244	pillow.n.01
14	sink	504	24	34	7	sink	sink	Objects	sink				n04223580	sink.n.01
15	picture	467	64	11	8	picture	picture	Picture					n03931044	picture.n.01
16	window	432	59	9	13	window	window	Window					n04587648	window.n.01
17	toilet	402	124	33	7	toilet	toilet	Objects	toilet	toilet			n04446276	toilet.n.01
18	bookshelf	400	88	10	6	bookshelf	bookshelf	Furniture	bookshelf		bookshelf	2871439	n02871439	bookshelf.n.01
19	monitor	395	49	40	7	monitor	otherprop	Objects	monitor	monitor	tv or monitor	3211117	n03782190	monitor.n.04
20	computer	369	46	40	7	computer	otherprop	Objects					n03082979	computer.n.01
21	curtain	356	89	16	13	curtain	curtain	Window	curtain				n03151077	curtain.n.01
22	book	335	1	23	2	book	books	Books					n02870526	book.n.11
23	armchair	318	5	5	4	chair	chair	Chair	chair	chair	chair	3001627	n02738535	armchair.n.01
24	coffee table	303	356	39	6	coffee table	otherfurniture	Furniture	table	table	table	4379243	n03063968	coffee_table.n.01
25	drawer	290	174	39	6	drawer	otherfurniture	Furniture					n03233905	drawer.n.01
26	box	283	26	29	7	box	box	Objects					n02883344	box.n.01
27	refrigerator	269	17	24	6	refridgerator	refridgerator	Furniture					n04070727	refrigerator.n.01
28	lamp	255	144	35	7	lamp	lamp	Objects	lamp		lamp	3636649	n03636649	lamp.n.02
29	kitchen cabinet	252	3	3	6	cabinet	cabinet	Furniture					n02933112	cabinet.n.01
30	dining chair	242	5	5	4	chair	chair	Chair	chair	chair	chair	3001627	n03001627	chair.n.01
31	towel	222	135	27	7	towel	towel	Objects					n04459362	towel.n.01
32	clothes	214	141	21	7	clothes	clothes	Objects					n02728440	apparel.n.01
33	tv	210	172	25	11	television	television	TV			tv or monitor	3211117	n03211117	display.n.06
34	nightstand	206	158	32	6	night stand	night stand	Furniture	night_stand	night_stand			n03015254	chest_of_drawers.n.01
35	counter	196	7	12	6	counter	counter	Furniture	table	table	table	4379243	n03116530	counter.n.01
36	dresser	180	169	17	6	dresser	dresser	Furniture	dresser	dresser			n03015254	chest_of_drawers.n.01
37	countertop	176	7	12	6	counter	counter	Furniture					n03118245	countertop.n.01
38	stool	165	150	40	7	stool	otherprop	Objects	stool				n04326896	stool.n.01
39	cushion	141	119	18	7	pillow	pillow	Objects					n03151500	cushion.n.03
40	plant	139	82	40	7	plant	otherprop	Objects	plant				n00017222	plant.n.02
41	ceiling	134	4	22	3	ceiling	ceiling	Ceiling					n02990373	ceiling.n.01
42	bathtub	134	136	36	7	bathtub	bathtub	Objects	bathtub	bathtub	tub	2808440	n02808440	bathtub.n.01
43	bedframe	132	157	4	1	bed	bed	Bed					n02822579	bedstead.n.01
44	end table	125	19	7	10	table	table	Table	table	table	table	4379243	n04379243	table.n.02
45	dining table	123	19	7	10	table	table	Table	table	table	table	4379243	n04379243	table.n.02
46	keyboard	118	47	40	7	keyboard	otherprop	Objects	keyboard		computer keyboard	3085013	n03085013	computer_keyboard.n.01
47	bag	116	55	37	7	bag	bag	Objects			suitcase	2773838	n02773838	bag.n.06
48	backpack	114	206	40	7	backpack	otherprop	Objects					n02769748	backpack.n.01
49	toilet paper	113	139	40	7	toilet paper	otherprop	Objects					n15075141	toilet_tissue.n.01
50	printer	111	66	40	7	printer	otherprop	Objects			printer	4004475	n04004475	printer.n.03
51	tv stand	103	291	39	6	tv stand	otherfurniture	Furniture	tv_stand				n03290653	entertainment_center.n.01
52	whiteboard	102	45	30	7	whiteboard	whiteboard	Objects					n03211616	display_panel.n.01
53	carpet	99	130	40	7	rug	otherprop	Objects					n04118021	rug.n.01
54	blanket	99	312	40	7	blanket	otherprop	Objects					n02849154	blanket.n.01
55	shower curtain	99	123	28	7	shower curtain	shower curtain	Objects	curtain				n04209239	shower_curtain.n.01
56	trash can	94	12	39	6	garbage bin	otherfurniture	Furniture			trash_bin	2747177	n02747177	ashcan.n.01
57	closet	94	772	39	6	wardrobe	otherfurniture	Furniture	wardrobe					
58	stair	89	215	38	7	stairs	otherstructure	Objects	stairs				n04314914	step.n.04
59	microwave	88	13	40	7	microwave	otherprop	Objects			microwave	3761084	n03761084	microwave.n.02
60	washbasin	86	24	34	7	sink	sink	Objects	sink				n04553920	washbasin.n.01
61	rug	85	130	40	7	rug	otherprop	Objects					n04118021	rug.n.01
62	stove	78	242	38	7	stove	otherstructure	Objects			stove	4330267	n04330267	stove.n.02
63	shoe	68	149	40	7	shoe	otherprop	Objects					n04199027	shoe.n.01
64	computer tower	68	46	40	7	computer	otherprop	Objects					n03082979	computer.n.01
65	bottle	66	2	40	7	bottle	otherprop	Objects	bottle		bottle	2876657	n02876657	bottle.n.01
66	bin	64	307	40	7	bin	otherprop	Objects					n02839910	bin.n.01
67	ottoman	63	359	39	6	ottoman	otherfurniture	Furniture	stool				n03380724	footstool.n.01
68	bench	63	204	39	6	bench	otherfurniture	Furniture	bench		bench	2828884	n02828884	bench.n.01
69	board	63	408	38	7	board	otherstructure	Objects						
70	washing machine	62	278	39	6	washing machine	otherfurniture	Furniture			washing_machine	4554684	n04554684	washer.n.03
71	mirror	62	122	19	7	mirror	mirror	Objects					n03773035	mirror.n.01
72	copier	61		40	7		otherprop	Objects					n03257586	duplicator.n.01
73	basket	60	39	40	7	basket	otherprop	Objects			basket	2801938	n02801938	basket.n.01
74	sofa chair	59	5	5	4	chair	chair	Chair	chair	chair	chair	3001627	n03001627	chair.n.01
75	file cabinet	54	3	3	6	cabinet	cabinet	Furniture			cabinet	2933112	n02933112	cabinet.n.01
76	fan	52	74	40	7	fan	otherprop	Objects					n03320046	fan.n.01
77	laptop	52	37	40	7	laptop	otherprop	Objects	laptop		laptop	3642806	n03642806	laptop.n.01
78	shower	49		38	7		otherstructure	Objects					n04208936	shower.n.01
79	paper	48	15	26	7	paper	paper	Objects					n14974264	paper.n.01
80	person	48	331	31	7	person	person	Objects	person				n05217688	person.n.02
81	headboard	47	161	39	6	headboard	otherfurniture	Furniture					n03502200	headboard.n.01
82	paper towel dispenser	47	14	40	7	paper towel dispenser	otherprop	Objects						
83	faucet	45	9	40	7	faucet	otherprop	Objects			faucet	3325088	n03325088	faucet.n.01
84	oven	43	238	38	7	oven	otherstructure	Objects					n03862676	oven.n.01
85	footstool	42	359	39	6	ottoman	otherfurniture	Furniture	stool				n03380724	footstool.n.01
86	blinds	42	80	13	13	blinds	blinds	Window					n02851099	blind.n.03
87	rack	41	50	39	6	stand	otherfurniture	Furniture					n04038440	rack.n.05
88	plate	39	233	40	7	plate	otherprop	Objects					n03959485	plate.n.04
89	blackboard	38	225	38	7	blackboard	otherstructure	Objects					n02846511	blackboard.n.01
90	piano	38	298	39	6	piano	otherfurniture	Furniture	piano		piano	3928116	n03928116	piano.n.01
91	heater	38	111	39	6	heater	otherfurniture	Furniture					n03508101	heater.n.01
92	soap	37	133	40	7	soap	otherprop	Objects						
93	luggage	36	783	40	7	luggage	otherprop	Objects					n02774630	baggage.n.01
94	computer desk	36	36	14	10	desk	desk	Table	desk	desk	table	4379243	n03179701	desk.n.01
95	rail	36	497	38	7	railing	otherstructure	Objects						
96	radiator	36	236	39	6	radiator	otherfurniture	Furniture					n04041069	radiator.n.02
97	recycle bin	35	307	40	7	bin	otherprop	Objects						
98	container	34	140	40	7	container	otherprop	Objects					n03094503	container.n.01
99	wardrobe	34	772	39	6	wardrobe	otherfurniture	Furniture	wardrobe				n04550184	wardrobe.n.01
100	soap dispenser	32		40	7		otherprop	Objects					n04254120	soap_dispenser.n.01
101	telephone	32	32	40	7	telephone	otherprop	Objects			telephone	4401088	n04401088	telephone.n.01
102	bucket	32	427	40	7	bucket	otherprop	Objects					n02909870	bucket.n.01
103	clock	31	56	40	7	clock	otherprop	Objects			clock	3046257	n03046257	clock.n.01
104	stand	29	50	39	6	stand	otherfurniture	Furniture	table	table	table	4379243	n04301000	stand.n.04
105	light	27	62	38	7	light	otherstructure	Objects					n03665366	light.n.02
106	laundry basket	27	164	40	7	laundry basket	otherprop	Objects			basket	2801938	n03050864	clothes_hamper.n.01
107	pipe	27	41	40	7	pipe	otherprop	Objects						
108	round table	26	19	7	10	table	table	Table	table	table	table	4379243	n04114554	round_table.n.02
109	roof	25	4	22	3	ceiling	ceiling	Ceiling					n04105068	roof.n.01
110	clothes dryer	25		39	6		otherfurniture	Furniture					n03251766	dryer.n.01
111	coat	23	324	40	7	jacket	otherprop	Objects					n03057021	coat.n.01
112	guitar	23	300	40	7	guitar	otherprop	Objects	guitar		guitar	3467517	n03467517	guitar.n.01
113	desk chair	23	5	5	4	chair	chair	Chair	chair	chair	chair	3001627	n03001627	chair.n.01
114	sheet	22	559	40	7	sheet	otherprop	Objects						
115	toilet paper holder	22	647	40	7	toilet paper holder	otherprop	Objects						
116	seat	22	524	39	6	furniture	otherfurniture	Furniture					n04161981	seat.n.03
117	step	21		38	7		otherstructure	Objects					n04314914	step.n.04
118	speaker	20	54	40	7	speaker	otherprop	Objects			speaker	3691459	n03691459	loudspeaker.n.01
119	vending machine	19	220	40	7	machine	otherprop	Objects					n04525305	vending_machine.n.01
120	column	19	94	38	7	column	otherstructure	Objects					n03074380	column.n.06
121	bicycle	18	189	40	7	bicycle	otherprop	Objects			bicycle	2834778	n02834778	bicycle.n.01
122	ladder	18	48	39	6	ladder	otherfurniture	Furniture	stairs				n03632277	ladder.n.01
123	cover	18	312	40	7	blanket	otherprop	Objects						
124	handle	18	758	40	7	handle	otherprop	Objects					n03485997	handle.n.01
125	bathroom stall	18		38	7		otherstructure	Objects					n02873839	booth.n.02
126	foosball table	17	510	39	6	foosball table	otherfurniture	Furniture	table	table	table	4379243	n04379243	table.n.02
127	table lamp	17	144	35	7	lamp	lamp	Objects	lamp		lamp	3636649	n04380533	table_lamp.n.01
128	shower wall	17	21	1	12	wall	wall	Wall						
129	chest	17	344	39	6	chest	otherfurniture	Furniture	dresser	dresser				
130	cup	17	35	40	7	cup	otherprop	Objects	cup		cup or mug	3797390	n03797390	mug.n.04
131	jacket	16	324	40	7	jacket	otherprop	Objects					n03589791	jacket.n.01
132	storage bin	16	812	40	7	storage bin	otherprop	Objects						
133	screen	16		40	7		otherprop	Objects						
134	coffee maker	16		40	7		otherprop	Objects					n03063338	coffee_maker.n.01
135	hamper	15	39	40	7	basket	otherprop	Objects			basket	2801938	n03482405	hamper.n.02
136	dishwasher	15	8	38	7	dishwasher	otherstructure	Objects			dishwasher	3207941	n03207941	dishwasher.n.01
137	window frame	15	477	38	7	window frame	otherstructure	Objects					n04589593	window_frame.n.01
138	paper towel	15	113	40	7	paper towel	otherprop	Objects					n03887697	paper_towel.n.01
139	machine	15	220	40	7	machine	otherprop	Objects					n03699975	machine.n.01
140	mat	15	143	20	5	floor mat	floor mat	Floor					n03727837	mat.n.01
141	windowsill	14		38	7		otherstructure	Objects					n04590263	windowsill.n.01
142	tap	14	9	40	7	faucet	otherprop	Objects			faucet	3325088	n04559451	water_faucet.n.01
143	pool table	14	515	39	6	pool table	otherfurniture	Furniture	table	table	table	4379243	n03982430	pool_table.n.01
144	hand dryer	14		40	7		otherprop	Objects						
145	bar	14	51	38	7	bar	otherstructure	Objects					n02788689	bar.n.03
146	frame	14		38	7		otherstructure	Objects						
147	rolling chair	14	5	5	4	chair	chair	Chair	chair	chair	chair	3001627	n03001627	chair.n.01
148	toaster	14	251	40	7	toaster	otherprop	Objects					n04442312	toaster.n.02
149	wall frame	14		38	7		otherstructure	Objects						
150	hanger	13	211	40	7	hanger	otherprop	Objects					n03490884	hanger.n.02
151	conference table	13	19	7	10	table	table	Table	table	table	table	4379243	n03090000	conference_table.n.01
152	handrail	13	453	38	7	banister	otherstructure	Objects					n02788148	bannister.n.02
153	treadmill	13	458	39	6	treadmill	otherfurniture	Furniture					n04477387	treadmill.n.01
154	bulletin board	13	408	38	7	board	otherstructure	Objects						
155	ironing board	13	313	39	6	ironing board	otherfurniture	Furniture					n03586090	ironing_board.n.01
156	fireplace	12	372	38	7	fireplace	otherstructure	Objects					n03346455	fireplace.n.01
157	soap dish	12	638	40	7	soap dish	otherprop	Objects					n04254009	soap_dish.n.01
158	fabric	12		40	7		otherprop	Objects					n03309808	fabric.n.01
159	kitchen counter	12	7	12	6	counter	counter	Furniture	table	table	table	4379243	n03116530	counter.n.01
160	glass	12	612	38	7	glass	otherstructure	Objects					n03438257	glass.n.02
161	doorframe	11	615	38	7	door frame	otherstructure	Objects					n03222722	doorframe.n.01
162	table cushion	11		40	7		otherprop	Objects						
163	toilet paper dispenser	11		40	7		otherprop	Objects						
164	slab	11		38	7		otherstructure	Objects					n04233405	slab.n.01
165	mini fridge	11	17	24	6	refridgerator	refridgerator	Furniture					n03273913	electric_refrigerator.n.01
166	fire extinguisher	11	10	40	7	fire extinguisher	otherprop	Objects					n03345837	fire_extinguisher.n.01
167	shampoo	11		40	7		otherprop	Objects						
168	ball	11	60	40	7	ball	otherprop	Objects						
169	hat	11	193	40	7	hat	otherprop	Objects					n03497657	hat.n.01
170	shower curtain rod	11		40	7		otherprop	Objects						
171	junk	11		40	7		otherprop	Objects					n14857897	debris.n.01
172	soap holder	10	506	40	7	soap holder	otherprop	Objects						
173	staircase	10	215	38	7	stairs	otherstructure	Objects					n04298308	stairway.n.01
174	toiletry	10		40	7		otherprop	Objects					n04447443	toiletry.n.01
175	stall door	10	28	8	12	door	door	Wall	door					
176	framed picture	10	64	11	8	picture	picture	Picture						
177	water cooler	10	509	39	6	water cooler	otherfurniture	Furniture					n04559166	water_cooler.n.01
178	bags	10		40	7		otherprop	Objects			suitcase	2773838	n02773838	bag.n.06
179	desk lamp	10	144	35	7	lamp	lamp	Objects	lamp		lamp	3636649	n03636649	lamp.n.02
180	paper cutter	10	108	40	7	paper cutter	otherprop	Objects					n03886940	paper_cutter.n.01
181	led tv	9		40	7		otherprop	Objects						
182	switch	9		40	7		otherprop	Objects					n04372370	switch.n.01
183	bed sheet	9	559	40	7	sheet	otherprop	Objects					n04188179	sheet.n.03
184	roof frame	9		38	7		otherstructure	Objects						
185	tray	9	179	40	7	tray	otherprop	Objects					n04476259	tray.n.01
186	comforter	9	484	40	7	comforter	otherprop	Objects					n04033995	quilt.n.01
187	air conditioner	9	79	38	7	air conditioner	otherstructure	Objects					n02686379	air_conditioner.n.01
188	shower door	9	28	8	12	door	door	Wall	door					
189	shirt	9		40	7		otherprop	Objects					n04197391	shirt.n.01
190	swivel chair	9	5	5	4	chair	chair	Chair	chair	chair	chair	3001627	n04373704	swivel_chair.n.01
191	pillar	9	94	38	7	column	otherstructure	Objects					n03073977	column.n.07
192	detergent	9		40	7		otherprop	Objects						
193	ledge	9		38	7		otherstructure	Objects					n09337253	ledge.n.01
194	vase	8	78	40	7	vase	otherprop	Objects	vase		jar	3593526	n04522168	vase.n.01
195	toaster oven	8	275	40	7	toaster oven	otherprop	Objects					n04442441	toaster_oven.n.01
196	bedpost	8		40	7		otherprop	Objects					n02821415	bedpost.n.01
197	food	8		40	7		otherprop	Objects					n00021265	food.n.01
198	picture frame	8		40	7		otherprop	Objects					n03931765	picture_frame.n.01
199	poltrone	8		40	7		otherprop	Objects						
200	study table	8	19	7	10	table	table	Table	table	table	table	4379243	n04379243	table.n.02
201	office table	8	19	7	10	table	table	Table	table	table	table	4379243	n04379243	table.n.02
202	mouse	8	103	40	7	mouse	otherprop	Objects					n03793489	mouse.n.04
203	storage	8											n03744276	memory.n.04
204	nerf gun	8		40	7		otherprop	Objects						
205	table chair	8	5	5	4	chair	chair	Chair	chair	chair	chair	3001627	n03001627	chair.n.01
206	night table	8	19	7	10	table	table	Table	table	table	table	4379243	n04379243	table.n.02
207	computer chair	8	5	5	4	chair	chair	Chair	chair	chair	chair	3001627	n03001627	chair.n.01
208	toilet seat liner dispenser	8		40	7		otherprop	Objects						
209	backrest	7	5	5	4	chair	chair	Chair					n02767433	back.n.08
210	chair seat	7		40	7		otherprop	Objects						
211	sink cabinet	7	3	3	6	cabinet	cabinet	Furniture			cabinet	2933112	n02933112	cabinet.n.01
212	can	7	329	40	7	can	otherprop	Objects			can	2946921	n02946921	can.n.01
213	furniture	7	524	39	6	furniture	otherfurniture	Furniture					n03405725	furniture.n.01
214	cart	7	305	40	7	cart	otherprop	Objects					n03484083	handcart.n.01
215	stool chair	7	5	5	4	chair	chair	Chair	chair	chair	chair	3001627	n03001627	chair.n.01
216	step stool	7	276	40	7	step stool	otherprop	Objects	stool				n04315713	step_stool.n.01
217	robe	7		40	7		otherprop	Objects					n04097866	robe.n.01
218	table stand	7	50	39	6	stand	otherfurniture	Furniture						
219	stall	7		38	7		otherstructure	Objects					n02873839	booth.n.02
220	dispenser	7		40	7		otherprop	Objects					n03210683	dispenser.n.01
221	storage container	7	140	40	7	container	otherprop	Objects						
222	side table	7	19	7	10	table	table	Table	table	table	table	4379243	n04379243	table.n.02
223	partition	7	21	1	12	wall	wall	Wall					n03894379	partition.n.01
224	appliance	7		40	7		otherprop	Objects						
225	lotion	7		40	7		otherprop	Objects					n03690938	lotion.n.01
226	pot	7	16	40	7	pot	otherprop	Objects						
227	photo	7	508	40	7	photo	otherprop	Objects					n03925226	photograph.n.01
228	toilet brush	7	630	40	7	toilet brush	otherprop	Objects						
229	scale	7	639	40	7	scale	otherprop	Objects					n04141975	scale.n.07
230	tissue box	7	138	40	7	tissue box	otherprop	Objects						
231	remote	7		40	7		otherprop	Objects			remote_control	4074963	n04074963	remote_control.n.01
232	light switch	6	301	38	7	light switch	otherstructure	Objects						
233	crate	6	183	39	6	crate	otherfurniture	Furniture					n03127925	crate.n.01
234	ping pong table	6	625	39	6	ping pong table	otherfurniture	Furniture	table	table	table	4379243	n04379243	table.n.02
235	platform	6		38	7		otherstructure	Objects						
236	pantry	6		38	7		otherstructure	Objects					n03885535	pantry.n.01
237	bath cabinet	6	3	3	6	cabinet	cabinet	Furniture			cabinet	2933112	n02933112	cabinet.n.01
238	slipper	6		40	7		otherprop	Objects					n04241394	slipper.n.01
239	sideboard	6	7	12	6	counter	counter	Furniture						
240	holder	6		40	7		otherprop	Objects					n03525454	holder.n.01
241	worktop	6		40	7		otherprop	Objects						
242	outlet	6		40	7		otherprop	Objects					n04548771	wall_socket.n.01
243	gas cooker	6	242	38	7	stove	otherstructure	Objects					n03425595	gas_range.n.01
244	doorhandle	6	652	40	7	knob	otherprop	Objects					n03222959	doorknob.n.01
245	cutting board	6	247	40	7	cutting board	otherprop	Objects					n03025513	chopping_board.n.01
246	bathroom sink	6	24	34	7	sink	sink	Objects	sink				n04223580	sink.n.01
247	controller	6		40	7		otherprop	Objects					n03096960	control.n.09
248	bedding set	6		40	7		otherprop	Objects						
249	mount	6		40	7		otherprop	Objects						
250	decoration	6		40	7		otherprop	Objects					n03169390	decoration.n.01
251	tablet	6	19	7	10	table	table	Table	table	table	table	4379243	n04379243	table.n.02
252	reading table	6	19	7	10	table	table	Table	table	table	table	4379243	n04379243	table.n.02
253	floor covered	6		40	7		otherprop	Objects						
254	cooker	6	267	40	7	utensil	otherprop	Objects					n03101156	cooker.n.01
255	file	6	75	40	7	file	otherprop	Objects			filing_cabinet	3337140	n03337140	file.n.03
256	archive	6		40	7		otherprop	Objects					n02735086	archive.n.01
257	trolley	5	504	40	7	trolley	otherprop	Objects					n04335435	streetcar.n.01
258	wainscoting	5		40	7		otherprop	Objects						
259	lampshade	5	859	40	7	lamp shade	otherprop	Objects					n03637318	lampshade.n.01
260	china	5	267	40	7	utensil	otherprop	Objects					n03018209	china.n.02
261	sign	5	208	40	7	sign	otherprop	Objects					n04217882	signboard.n.01
262	fax machine	5	68	40	7	fax machine	otherprop	Objects						
263	mirror frame	5		40	7		otherprop	Objects						
264	projector	5	90	40	7	projector	otherprop	Objects					n04009552	projector.n.02
265	sweater	5		40	7		otherprop	Objects					n04370048	sweater.n.01
266	paint can	5	329	40	7	can	otherprop	Objects			can	2946921	n02946921	can.n.01
267	heat register	5		40	7		otherprop	Objects						
268	kitchen table	5	19	7	10	table	table	Table	table	table	table	4379243	n03620967	kitchen_table.n.01
269	globe	5	347	40	7	globe	otherprop	Objects						
270	toy	5	389	40	7	toy	otherprop	Objects					n03964744	plaything.n.01
271	kitchen worktop	5		40	7		otherprop	Objects						
272	paper roll	5		40	7		otherprop	Objects						
273	meeting table	5	19	7	10	table	table	Table	table	table	table	4379243	n04379243	table.n.02
274	vaze	5		40	7		otherprop	Objects						
275	wall clock	5	56	40	7	clock	otherprop	Objects			clock	3046257	n04548280	wall_clock.n.01
276	closet door	5	28	8	12	door	door	Wall	door					
277	pack	5		40	7		otherprop	Objects						
278	doormat	5	143	20	5	floor mat	floor mat	Floor					n03223299	doormat.n.02
279	tissue	5	648	40	7	tissue	otherprop	Objects						
280	plastic container	5	140	40	7	container	otherprop	Objects						
281	statue	5	294	40	7	sculpture	otherprop	Objects					n04306847	statue.n.01
282	dollhouse	5	486	39	6	doll house	otherfurniture	Furniture					n03219483	dollhouse.n.01
283	vacuum	5		40	7		otherprop	Objects					n04517823	vacuum.n.04
284	wet floor sign	5	208	40	7	sign	otherprop	Objects						
285	vanity	5	169	17	6	dresser	dresser	Furniture	dresser	dresser	table	4379243	n03238586	dressing_table.n.01
286	candle	5	137	40	7	candle	otherprop	Objects	lamp				n02948072	candle.n.01
287	library desk	5	36	14	10	desk	desk	Table	desk	desk				
288	carton box	5	26	29	7	box	box	Objects						
289	easel	5	50	39	6	stand	otherfurniture	Furniture					n03262809	easel.n.01
290	wall lamp	5	144	35	7	lamp	lamp	Objects	lamp		lamp	3636649	n03636649	lamp.n.02
291	wall hanging	4		40	7		otherprop	Objects					n03491178	hanging.n.01
292	face wash	4		40	7		otherprop	Objects						
293	corner	4		40	7		otherprop	Objects						
294	lounge chair	4	5	5	4	chair	chair	Chair	chair	chair	chair	3001627	n03262932	easy_chair.n.01
295	beanbag	4	797	39	6	bean bag	otherfurniture	Furniture					n02816656	beanbag.n.01
296	marker holder	4		40	7		otherprop	Objects						
297	dumbell	4		40	7		otherprop	Objects						
298	ping pong paddle	4		40	7		otherprop	Objects						
299	locker	4	3	3	6	cabinet	cabinet	Furniture						
300	plunger	4		40	7		otherprop	Objects					n03970156	plunger.n.03
301	soap bar	4	51	38	7	bar	otherstructure	Objects						
302	student chair	4	5	5	4	chair	chair	Chair	chair	chair	chair	3001627	n03001627	chair.n.01
303	office object	4		40	7		otherprop	Objects						
304	stuffed animal	4	177	40	7	stuffed animal	otherprop	Objects						
305	water fountain	4	339	38	7	water fountain	otherstructure	Objects					n03241335	drinking_fountain.n.01
306	doorknob	4	27	40	7	door knob	otherprop	Objects					n03222959	doorknob.n.01
307	footrest	4	163	39	6	foot rest	otherfurniture	Furniture	stool				n03380724	footstool.n.01
308	ac unit	4		40	7		otherprop	Objects						
309	safe	4	26	29	7	box	box	Objects					n04125021	safe.n.01
310	tile	4		40	7		otherprop	Objects					n04435180	tile.n.01
311	easle	4		40	7		otherprop	Objects						
312	headphone	4	160	40	7	headphones	otherprop	Objects			headphone	3261776	n03261776	earphone.n.01
313	dress	4		40	7		otherprop	Objects					n03236735	dress.n.01
314	rolling cart	4	305	40	7	cart	otherprop	Objects						
315	chest of drawers	4	524	39	6	furniture	otherfurniture	Furniture	dresser	dresser			n03015254	chest_of_drawers.n.01
316	plastic bin	4	307	40	7	bin	otherprop	Objects						
317	pail	4	427	40	7	bucket	otherprop	Objects					n02909870	bucket.n.01
318	dry erase board	4	408	38	7	board	otherstructure	Objects						
319	coatrack	4		40	7		otherprop	Objects					n03059103	coatrack.n.01
320	recliner	4	5	5	4	chair	chair	Chair	chair	chair	chair	3001627	n04062428	recliner.n.01
321	roomba	4		40	7		otherprop	Objects						
322	highchair	4	5	5	4	chair	chair	Chair	chair	chair	chair	3001627	n03518445	highchair.n.01
323	dishrack	4	581	40	7	dish rack	otherprop	Objects					n03207630	dish_rack.n.01
324	dartboard	4	408	38	7	board	otherstructure	Objects					n03162940	dartboard.n.01
325	broom	4	328	40	7	broom	otherprop	Objects					n02906734	broom.n.01
326	book rack	4	224	39	6	bookrack	otherfurniture	Furniture						
327	eraser	4	100	40	7	eraser	otherprop	Objects					n03294833	eraser.n.01
328	bath mat	4		40	7		otherprop	Objects					n02807401	bath_mat.n.01
329	textile	4		40	7		otherprop	Objects					n03309808	fabric.n.01
330	paper box	4	26	29	7	box	box	Objects						
331	guitar case	4	771	40	7	guitar case	otherprop	Objects						
332	mop	4		40	7		otherprop	Objects					n04367480	swab.n.02
333	lavatory	4		40	7		otherprop	Objects	toilet	toilet				
334	server	4	360	40	7	server	otherprop	Objects						
335	paper towel holder	4	281	40	7	paper towel holder	otherprop	Objects						
336	office supply	4		40	7		otherprop	Objects						
337	panel	4	408	38	7	board	otherstructure	Objects						
338	toilet brush holder	4		40	7		otherprop	Objects						
339	magazine	4	71	40	7	magazine	otherprop	Objects					n06595351	magazine.n.01
340	kitchen rack	4	50	39	6	stand	otherfurniture	Furniture					n04038440	rack.n.05
341	table object	4		40	7		otherprop	Objects						
342	range hood	4	380	38	7	range hood	otherstructure	Objects	range_hood				n04053677	range_hood.n.01
343	bath	4	136	36	7	bathtub	bathtub	Objects	bathtub	bathtub	tub	2808440	n02808440	bathtub.n.01
344	trim	4		40	7		otherprop	Objects					n04484160	trimming.n.02
345	scanner	4		40	7		otherprop	Objects						
346	bathrobe	4		40	7		otherprop	Objects					n02807616	bathrobe.n.01
347	door and post	4		40	7		otherprop	Objects						
348	pouff	4		40	7		otherprop	Objects						
349	spring curtain	3	89	16	13	curtain	curtain	Window	curtain					
350	recycle	3		40	7		otherprop	Objects						
351	fax	3		40	7		otherprop	Objects					n03316105	facsimile.n.02
352	rolling shelf	3		40	7		otherprop	Objects						
353	flat-screen television	3	172	25	11	television	television	TV						
354	futon	3	576	39	6	mattress	otherfurniture	Furniture					n03408444	futon.n.01
355	stack of chairs	3		40	7		otherprop	Objects						
356	dustpan	3		40	7		otherprop	Objects					n03259009	dustpan.n.02
357	hand towel	3	135	27	7	towel	towel	Objects					n03490006	hand_towel.n.01
358	floor lamp	3	144	35	7	lamp	lamp	Objects	lamp		lamp	3636649	n03367059	floor_lamp.n.01
359	mainboard	3		40	7		otherprop	Objects						
360	kitchen shelf	3	42	15	6	shelves	shelves	Furniture	bookshelf		bookshelf	2871439	n02871439	bookshelf.n.01
361	organizer	3		40	7		otherprop	Objects					n03918737	personal_digital_assistant.n.01
362	freezer	3	17	24	6	refridgerator	refridgerator	Furniture					n03170635	deep-freeze.n.01
363	furnace	3	551	39	6	furnace	otherfurniture	Furniture					n03404449	furnace.n.01
364	stock	3		40	7		otherprop	Objects						
365	map	3	107	40	7	map	otherprop	Objects					n03720163	map.n.01
366	helmet	3		40	7		otherprop	Objects			helmet	3513137	n03513137	helmet.n.02
367	wallpaper	3		38	7		otherstructure	Objects						
368	wall cabinet	3	3	3	6	cabinet	cabinet	Furniture			cabinet	2933112	n02933112	cabinet.n.01
369	office equipment	3		40	7		otherprop	Objects						
370	hair dryer	3	577	40	7	hair dryer	otherprop	Objects					n03483316	hand_blower.n.01
371	backsplash	3		40	7		otherprop	Objects						
372	exercise ball	3	60	40	7	ball	otherprop	Objects						
373	jeremiah	3		40	7		otherprop	Objects					n11082842	jeremiah.n.01
374	flush	3		40	7		otherprop	Objects						
375	fridge just	3		40	7		otherprop	Objects						
376	folded clothes	3	141	21	7	clothes	clothes	Objects						
377	window counter	3	7	12	6	counter	counter	Furniture						
378	iron	3		40	7		otherprop	Objects					n03584829	iron.n.04
379	studio light	3	62	38	7	light	otherstructure	Objects						
380	sconce	3	62	38	7	light	otherstructure	Objects					n04148703	sconce.n.03
381	sofa set	3		40	7		otherprop	Objects						
382	baseboard	3		40	7		otherprop	Objects					n02800354	baseboard.n.01
383	sink counter	3	7	12	6	counter	counter	Furniture						
384	kitchen slab	3		38	7		otherstructure	Objects					n04233405	slab.n.01
385	cabinet door	3	28	8	12	door	door	Wall	door					
386	exercise machine	3	220	40	7	machine	otherprop	Objects						
387	wood	3		40	7		otherprop	Objects						
388	teatowels	3		40	7		otherprop	Objects						
389	workbench	3	204	39	6	bench	otherfurniture	Furniture	bench		table	4379243	n04600486	workbench.n.01
390	backwall	3		40	7		otherprop	Objects						
391	cubby	3		40	7		otherprop	Objects					n03144365	cubby.n.01
392	water bottle	3	2	40	7	bottle	otherprop	Objects	bottle		bottle	2876657	n04557648	water_bottle.n.01
393	kitchen sink	3	24	34	7	sink	sink	Objects	sink				n03620889	kitchen_sink.n.01
394	sink area	3		40	7		otherprop	Objects						
395	handicap bar	3	51	38	7	bar	otherstructure	Objects						
396	painter	3	594	40	7	cat	otherprop	Objects					n02125311	cougar.n.01
397	tank	3		40	7		otherprop	Objects						
398	washstand	3	524	39	6	furniture	otherfurniture	Furniture					n04555400	washstand.n.01
399	purse	3	181	40	7	purse	otherprop	Objects					n02774152	bag.n.04
400	surface	3		40	7		otherprop	Objects					n02688443	airfoil.n.01
401	towel rack	3		40	7		otherprop	Objects					n04459773	towel_rack.n.01
402	decor	3		40	7		otherprop	Objects					n03579355	interior_decoration.n.01
403	handwash	3		40	7		otherprop	Objects						
404	bar stool	3	150	40	7	stool	otherprop	Objects	stool					
405	pan	3	589	40	7	pan	otherprop	Objects					n03880531	pan.n.01
406	air propeller	3		40	7		otherprop	Objects						
407	paneling	3	21	1	12	wall	wall	Wall					n03882611	paneling.n.01
408	vent	3		40	7		otherprop	Objects						
409	kitchen junk	3		40	7		otherprop	Objects					n14857897	debris.n.01
410	piano bench	3	460	39	6	piano bench	otherfurniture	Furniture	bench		bench	2828884	n02828884	bench.n.01
411	bunk bed	3	804	39	6	bunk bed	otherfurniture	Furniture	bed	bed	bed	2818832	n02920259	bunk_bed.n.01
412	bed lamp	3	144	35	7	lamp	lamp	Objects	lamp		lamp	3636649	n03636649	lamp.n.02
413	shower mat	3		40	7		otherprop	Objects						
414	bedding	3		40	7		otherprop	Objects					n02820210	bedclothes.n.01
415	shoe rack	3	614	40	7	shoe rack	otherprop	Objects						
416	notice board	3	408	38	7	board	otherstructure	Objects					n02916538	bulletin_board.n.02
417	shower floor	3	11	2	5	floor	floor	Floor						
418	brush	3		40	7		otherprop	Objects					n02908217	brush.n.02
419	table football	3	166	40	7	football	otherprop	Objects						
420	padded bench	3	204	39	6	bench	otherfurniture	Furniture	bench		bench	2828884	n02828884	bench.n.01
421	bathroom carpet	3	130	40	7	rug	otherprop	Objects					n04118021	rug.n.01
422	showerhead	3	650	40	7	shower head	otherprop	Objects					n04209383	showerhead.n.01
423	loft	3		40	7		otherprop	Objects						
424	chair w/table	3		40	7		otherprop	Objects						
425	bedhead	3		40	7		otherprop	Objects						
426	roll	3		40	7		otherprop	Objects					n04101375	roll.n.04
427	comidin	3		40	7		otherprop	Objects						
428	cardboard box	3	26	29	7	box	box	Objects						
429	cushion stool	2	150	40	7	stool	otherprop	Objects	stool					
430	bed cabinet	2	3	3	6	cabinet	cabinet	Furniture			cabinet	2933112	n02933112	cabinet.n.01
431	pile of clothes	2	141	21	7	clothes	clothes	Objects						
432	case	2	851	40	7	case	otherprop	Objects						
433	slep	2		40	7		otherprop	Objects						
434	swiffer	2		40	7		otherprop	Objects						
435	stapler	2	67	40	7	stapler	otherprop	Objects					n04303497	stapler.n.01
436	cable	2	450	40	7	cables	otherprop	Objects						
437	work desk	2	36	14	10	desk	desk	Table	desk	desk				
438	floor carpet	2		40	7		otherprop	Objects						
439	bedside	2		40	7		otherprop	Objects					n08649711	bedside.n.01
440	trash bag	2	55	37	7	bag	bag	Objects						
441	heating devce	2		40	7		otherprop	Objects						
442	sofa table	2	19	7	10	table	table	Table	table	table	table	4379243	n04379243	table.n.02
443	ventilator	2		40	7		otherprop	Objects					n04526964	ventilator.n.01
444	cat	2	594	40	7	cat	otherprop	Objects						
445	kitchen utensil	2	267	40	7	utensil	otherprop	Objects					n03621049	kitchen_utensil.n.01
446	counter top for sink	2	24	34	7	sink	sink	Objects	sink					
447	bathroom frame	2		38	7		otherstructure	Objects						
448	banister	2	453	38	7	banister	otherstructure	Objects					n02788148	bannister.n.02
449	tuvalet kağıdı	2		40	7		otherprop	Objects						
450	trunk	2		40	7		otherprop	Objects						
451	blank screen	2		40	7		otherprop	Objects						
452	tire	2		40	7		otherprop	Objects					n04440749	tire.n.01
453	screen curtain	2	89	16	13	curtain	curtain	Window	curtain					
454	cooking range	2		40	7		otherprop	Objects						
455	dressware	2		40	7		otherprop	Objects						
456	blow up matress	2		40	7		otherprop	Objects						
457	shred bin	2	307	40	7	bin	otherprop	Objects						
458	air matress	2		40	7		otherprop	Objects						
459	folder	2	69	40	7	folder	otherprop	Objects					n03376279	folder.n.02
460	room heater	2	111	39	6	heater	otherfurniture	Furniture						
461	car	2	530	40	7	car	otherprop	Objects	car		car	2958343	n02958343	car.n.01
462	massage armchair	2		40	7		otherprop	Objects						
463	wardrobe door	2	28	8	12	door	door	Wall	door					
464	coffee supply	2		40	7		otherprop	Objects						
465	tissue holder	2		40	7		otherprop	Objects						
466	tab	2		40	7		otherprop	Objects						
467	knickknack	2		40	7		otherprop	Objects						
468	indoor plant	2	82	40	7	plant	otherprop	Objects	plant					
469	notebook	2	210	40	7	notebook	otherprop	Objects					n03832673	notebook.n.02
470	water dispenser	2	507	40	7	water dispenser	otherprop	Objects					n03210683	dispenser.n.01
471	cleaning supply	2		40	7		otherprop	Objects						
472	library table	2	19	7	10	table	table	Table	table	table	table	4379243	n04379243	table.n.02
473	bin cover	2		40	7		otherprop	Objects						
474	teakettle	2	243	40	7	tea kettle	otherprop	Objects					n04397768	teakettle.n.01
475	reservoir	2	263	40	7	vessel	otherprop	Objects					n04078574	reservoir.n.03
476	arc sofa	2	83	6	9	sofa	sofa	Sofa	sofa	sofa	sofa	4256520	n04256520	sofa.n.01
477	bedside lamp	2	144	35	7	lamp	lamp	Objects	lamp		lamp	3636649	n03636649	lamp.n.02
478	picture window	2	59	9	13	window	window	Window					n03932080	picture_window.n.01
479	medicine cabinet	2	3	3	6	cabinet	cabinet	Furniture			cabinet	2933112	n03742115	medicine_chest.n.01
480	cosmetic bag	2	55	37	7	bag	bag	Objects						
481	coffee	2		40	7		otherprop	Objects						
482	brush holder	2		40	7		otherprop	Objects						
483	duvet	2		40	7		otherprop	Objects					n03266749	eiderdown.n.01
484	flower stand	2	50	39	6	stand	otherfurniture	Furniture						
485	bedcover	2		40	7		otherprop	Objects					n02822220	bedspread.n.01
486	side	2		40	7		otherprop	Objects					n09437454	slope.n.01
487	weight	2		40	7		otherprop	Objects					n04571292	weight.n.02
488	pitcher	2	273	40	7	pitcher	otherprop	Objects					n03950228	pitcher.n.02
489	schoolbag	2	55	37	7	bag	bag	Objects					n04146343	schoolbag.n.01
490	wall picture	2	64	11	8	picture	picture	Picture						
491	metal handrail	2		40	7		otherprop	Objects						
492	icebox	2	17	24	6	refridgerator	refridgerator	Furniture					n04070727	refrigerator.n.01
493	exercise equipment	2	457	39	6	excercise equipment	otherfurniture	Furniture						
494	loft bed	2	157	4	1	bed	bed	Bed	bed	bed	bed	2818832	n02818832	bed.n.01
495	tennis table	2	19	7	10	table	table	Table	table	table	table	4379243	n04379243	table.n.02
496	bookbag	2		40	7		otherprop	Objects						
497	scarf	2	240	40	7	scarf	otherprop	Objects					n04143897	scarf.n.01
498	cabinet drawer	2	174	39	6	drawer	otherfurniture	Furniture						
499	double door	2	28	8	12	door	door	Wall	door				n03226880	double_door.n.01
500	books in a book shelf	2		40	7		otherprop	Objects						
501	entertainment stand	2	50	39	6	stand	otherfurniture	Furniture						
502	potty	2		40	7		otherprop	Objects					n03004275	chamberpot.n.01
503	john	2		40	7		otherprop	Objects	toilet	toilet			n04446276	toilet.n.01
504	desk accessory	2		40	7		otherprop	Objects						
505	chair support	2		40	7		otherprop	Objects						
506	shopping bag	2	55	37	7	bag	bag	Objects					n04204081	shopping_bag.n.01
507	tree	2	82	40	7	plant	otherprop	Objects	plant				n13104059	tree.n.01
508	dustpan broom	2	328	40	7	broom	otherprop	Objects						
509	stall wall	2	21	1	12	wall	wall	Wall						
510	tường	2		40	7		otherprop	Objects						
511	bedside drawer	2	174	39	6	drawer	otherfurniture	Furniture						
512	chaise	2	5	5	4	chair	chair	Chair	chair	chair	chair	3001627	n03002711	chaise_longue.n.01
513	curtain rod	2	582	38	7	curtain rod	otherstructure	Objects						
514	boardgame	2		40	7		otherprop	Objects						
515	cccvurtains	2		40	7		otherprop	Objects						
516	device	2		40	7		otherprop	Objects					n03183080	device.n.01
517	armrest	2		40	7		otherprop	Objects					n02741475	armrest.n.01
518	alarm	2	525	40	7	alarm	otherprop	Objects			clock	3046257	n02694662	alarm_clock.n.01
519	towel rail	2	51	38	7	bar	otherstructure	Objects					n04459909	towel_rail.n.01
520	sliding wood doors	2		40	7		otherprop	Objects						
521	backbag	2		40	7		otherprop	Objects						
522	bath curtain	2	89	16	13	curtain	curtain	Window	curtain					
523	washcloth	2		40	7		otherprop	Objects					n04554523	washcloth.n.01
524	bean bag chair	2	5	5	4	chair	chair	Chair	chair	chair	chair	3001627	n03001627	chair.n.01
525	toolbox	2	344	39	6	chest	otherfurniture	Furniture					n04452615	toolbox.n.01
526	rack shelf	2		40	7		otherprop	Objects						
527	kleenex box	2	26	29	7	box	box	Objects						
528	air freshner	2		40	7		otherprop	Objects						
529	sewing machine	2	890	40	7	sewing machine	otherprop	Objects					n04179913	sewing_machine.n.01
530	washing and drying machine	2	220	40	7	machine	otherprop	Objects						
531	hairbrush	2	120	40	7	hair brush	otherprop	Objects					n03475581	hairbrush.n.01
532	lap desk	2	36	14	10	desk	desk	Table	desk	desk				
533	hutch	2		40	7		otherprop	Objects						
534	stack of flat items/possibly cardboard	2		40	7		otherprop	Objects						
535	under-bed drawer	2	174	39	6	drawer	otherfurniture	Furniture						
536	bleach	2		40	7		otherprop	Objects						
537	comidine	2		40	7		otherprop	Objects						
538	bathmat	2		40	7		otherprop	Objects						
539	cinder block	2		40	7		otherprop	Objects					n03031957	cinder_block.n.01
540	mailbox	2	26	29	7	box	box	Objects			mailbox	3710193	n03710193	mailbox.n.01
541	writing board	2	408	38	7	board	otherstructure	Objects					n04608127	writing_board.n.01
542	flooring	2	11	2	5	floor	floor	Floor					n03365592	floor.n.01
543	wall of safety boxes	2		40	7		otherprop	Objects						
544	vessel	2	263	40	7	vessel	otherprop	Objects			watercraft	4530566	n04530566	vessel.n.02
545	cube sofa	2	83	6	9	sofa	sofa	Sofa	sofa	sofa	sofa	4256520	n04256520	sofa.n.01
546	toothpaste	2	128	40	7	toothpaste	otherprop	Objects						
547	liquid dispencer	2		40	7		otherprop	Objects						
548	folding chair	2	5	5	4	chair	chair	Chair	chair	chair	chair	3001627	n03376595	folding_chair.n.01
549	squash	2	717	40	7	squash	otherprop	Objects	plant				n12158798	squash.n.01
550	grille	2	700	38	7	grill	otherstructure	Objects						
551	centerpiece	2	878	40	7	centerpiece	otherprop	Objects					n02994419	centerpiece.n.02
552	wall folder	2	69	40	7	folder	otherprop	Objects						
553	towel hanger	2	211	40	7	hanger	otherprop	Objects					n03490884	hanger.n.02
554	toilet pot	2	16	40	7	pot	otherprop	Objects						
555	aid	2		40	7		otherprop	Objects						
556	rope	2	560	40	7	rope	otherprop	Objects					n04108268	rope.n.01
557	envelop rack	2		40	7		otherprop	Objects						
558	tissue roll	2	764	40	7	tissue roll	otherprop	Objects						
559	rostrum	2		40	7		otherprop	Objects					n03159640	dais.n.01
560	owen	2		40	7		otherprop	Objects						
561	electric panel	2		40	7		otherprop	Objects						
562	bowl	2	22	40	7	bowl	otherprop	Objects	bowl		bowl	2880940	n02880940	bowl.n.03
563	boiler	2		40	7		otherprop	Objects						
564	tile wall	2	21	1	12	wall	wall	Wall						
565	reflection	2	64	11	8	picture	picture	Picture					n04068976	reflection.n.05
566	crib	2	485	39	6	crib	otherfurniture	Furniture						
567	shelves of stuff	2		40	7		otherprop	Objects						
568	kitchen gadget	2		40	7		otherprop	Objects					n02729965	appliance.n.01
569	sliding door	2	28	8	12	door	door	Wall	door				n04239074	sliding_door.n.01
570	paper bag	2	55	37	7	bag	bag	Objects					n04122825	sack.n.01
571	water heater	2	588	40	7	water heater	otherprop	Objects					n04560113	water_heater.n.01
572	alarm clock	2	156	40	7	alarm clock	otherprop	Objects			clock	3046257	n02694662	alarm_clock.n.01
573	chair rail	2		40	7		otherprop	Objects						
574	corkboard	2	34	40	7	cork board	otherprop	Objects					n14823376	corkboard.n.01
575	sàn nhà	2		40	7		otherprop	Objects						
576	conformer	2		40	7		otherprop	Objects						
577	easy chair	2	5	5	4	chair	chair	Chair	chair	chair	chair	3001627	n03262932	easy_chair.n.01
578	sehpa	2		40	7		otherprop	Objects						
579	library	2		40	7		otherprop	Objects						
580	bench seat	2		40	7		otherprop	Objects						
581	music stand	2	820	39	6	music stand	otherfurniture	Furniture					n03801760	music_stand.n.01
582	office	2		40	7		otherprop	Objects					n03841666	office.n.01
583	clutter	2		40	7		otherprop	Objects						
584	flush for toilet	2	124	33	7	toilet	toilet	Objects	toilet	toilet				
585	kleenex	2		40	7		otherprop	Objects						
586	box/storage	2		40	7		otherprop	Objects						
587	post	2		40	7		otherprop	Objects					n03988170	post.n.04
588	plug	2		40	7		otherprop	Objects						
589	socket	2		40	7		otherprop	Objects					n04255163	socket.n.02
590	island	2	456	38	7	kitchen island	otherstructure	Objects						
591	instrument case	2	851	40	7	case	otherprop	Objects						
592	paper tray	2	538	40	7	paper tray	otherprop	Objects						
593	toilet paper package	2		40	7		otherprop	Objects						
594	antibacterial soap dispenser	2		40	7		otherprop	Objects						
595	cubicle	2		40	7		otherprop	Objects						
596	vaccuum	2		40	7		otherprop	Objects						
597	photography light	2	62	38	7	light	otherstructure	Objects						
598	trump wall	2	21	1	12	wall	wall	Wall						
599	shredder	2		40	7		otherprop	Objects					n04210120	shredder.n.01
600	square table	2	19	7	10	table	table	Table	table	table	table	4379243	n04379243	table.n.02
601	table support	2		40	7		otherprop	Objects						
602	sink plumbing	2		40	7		otherprop	Objects						
603	basin	2		40	7		otherprop	Objects						
604	pinball machine	2	220	40	7	machine	otherprop	Objects					n03941417	pinball_machine.n.01
605	meeting	2		40	7		otherprop	Objects					n08542634	confluence.n.01
606	mobile	2		40	7		otherprop	Objects						
607	hatrack	2		40	7		otherprop	Objects					n03059103	coatrack.n.01
608	johnny	2	331	31	7	person	person	Objects	person				n10628368	rebel.n.01
609	projector screen	2	53	38	7	projector screen	otherstructure	Objects						
610	valance	2		40	7		otherprop	Objects					n03111296	cornice.n.01
611	eliptical	2		40	7		otherprop	Objects						
612	boot	2		40	7		otherprop	Objects						
613	window ledge	2		40	7		otherprop	Objects						
614	clothes hamper	2	39	40	7	basket	otherprop	Objects			basket	2801938	n03050864	clothes_hamper.n.01
615	wall side	2		40	7		otherprop	Objects						
616	stairstepper	2		40	7		otherprop	Objects						
617	bottle recycling bin	2	307	40	7	bin	otherprop	Objects						
618	blend	2		40	7		otherprop	Objects						
619	tissue dispenser	1		40	7		otherprop	Objects						
620	entertainment center	1	524	39	6	furniture	otherfurniture	Furniture					n03290653	entertainment_center.n.01
621	kettle	1	16	40	7	pot	otherprop	Objects					n03612814	kettle.n.01
622	laundyr supply	1		40	7		otherprop	Objects						
623	chain	1		40	7		otherprop	Objects						
624	gown	1		40	7		otherprop	Objects						
625	w.c.	1		40	7		otherprop	Objects	toilet	toilet			n04558478	water_closet.n.01
626	shelf unit	1		40	7		otherprop	Objects						
627	walss	1		40	7		otherprop	Objects						
628	mirror reflection	1		40	7		otherprop	Objects						
629	bed curtain	1	89	16	13	curtain	curtain	Window	curtain					
630	papertray	1	538	40	7	paper tray	otherprop	Objects						
631	tissue paper	1	15	26	7	paper	paper	Objects						
632	milk	1		40	7		otherprop	Objects						
633	leg rest sofa	1	83	6	9	sofa	sofa	Sofa	sofa	sofa	sofa	4256520	n04256520	sofa.n.01
634	double decker	1		40	7		otherprop	Objects						
635	dekw	1		40	7		otherprop	Objects						
636	sink counter top	1		40	7		otherprop	Objects						
637	breadbox	1		40	7		otherprop	Objects					n02893692	bread-bin.n.01
638	floor mat	1	143	20	5	floor mat	floor mat	Floor					n03727837	mat.n.01
639	electrical machine	1	220	40	7	machine	otherprop	Objects						
640	student seat	1		40	7		otherprop	Objects						
641	privacy partition	1		40	7		otherprop	Objects						
642	chairlegs	1		40	7		otherprop	Objects						
643	mail tray	1	618	40	7	mail tray	otherprop	Objects						
644	over the door storage	1		40	7		otherprop	Objects						
645	door hinge	1		40	7		otherprop	Objects						
646	cahi	1		40	7		otherprop	Objects						
647	excercise cycle	1		40	7		otherprop	Objects						
648	handsoap	1		40	7		otherprop	Objects						
649	glass door	1	28	8	12	door	door	Wall	door					
650	dustbin box	1	26	29	7	box	box	Objects						
651	toy ship	1		40	7		otherprop	Objects						
652	storage rack	1	448	39	6	storage rack	otherfurniture	Furniture						
653	wall outside room	1		40	7		otherprop	Objects						
654	ask tray	1	179	40	7	tray	otherprop	Objects						
655	punching bag	1	55	37	7	bag	bag	Objects					n04023962	punching_bag.n.02
656	storage drawer	1	174	39	6	drawer	otherfurniture	Furniture						
657	cat litter box	1	26	29	7	box	box	Objects						
658	shower rod	1		40	7		otherprop	Objects						
659	office desk	1	36	14	10	desk	desk	Table	desk	desk				
660	water filter	1	731	40	7	water filter	otherprop	Objects					n04559620	water_filter.n.01
661	nicknack	1		40	7		otherprop	Objects					n02897692	bric-a-brac.n.01
662	tin of drink	1		40	7		otherprop	Objects						
663	work	1		40	7		otherprop	Objects						
664	lustre	1		40	7		otherprop	Objects						
665	paper shredder	1		40	7		otherprop	Objects						
666	awllll	1		40	7		otherprop	Objects						
667	booth	1	19	7	10	table	table	Table	table	table	table	4379243	n02874214	booth.n.01
668	folded blanket	1	312	40	7	blanket	otherprop	Objects						
669	bed skirt	1		40	7		otherprop	Objects						
670	computer speaker	1	54	40	7	speaker	otherprop	Objects			speaker	3691459	n03691459	loudspeaker.n.01
671	desktop computer	1	46	40	7	computer	otherprop	Objects					n03180011	desktop_computer.n.01
672	hadnwash	1		40	7		otherprop	Objects						
673	covered box	1	26	29	7	box	box	Objects						
674	lampbase	1		40	7		otherprop	Objects						
675	net	1		40	7		otherprop	Objects						
676	wall pane	1		40	7		otherprop	Objects						
677	dressing gown	1		40	7		otherprop	Objects					n03237992	dressing_gown.n.01
678	footstowindow 2ol	1		40	7		otherprop	Objects						
679	display/signs	1		40	7		otherprop	Objects						
680	arifact	1		40	7		otherprop	Objects						
681	leg	1		40	7		otherprop	Objects						
682	ceiling fan	1	74	40	7	fan	otherprop	Objects						
683	circular sofa	1	83	6	9	sofa	sofa	Sofa	sofa	sofa	sofa	4256520	n04256520	sofa.n.01
684	food/drink	1		40	7		otherprop	Objects						
685	chair cushion	1		40	7		otherprop	Objects						
686	water	1		40	7		otherprop	Objects					n04562658	water_system.n.02
687	sinl	1		40	7		otherprop	Objects						
688	sing	1		40	7		otherprop	Objects						
689	cardboard	1		40	7		otherprop	Objects						
690	plastic sliding drawers	1		40	7		otherprop	Objects						
691	celltech	1		40	7		otherprop	Objects						
692	sink tap	1		40	7		otherprop	Objects						
693	binder	1	399	40	7	binder	otherprop	Objects						
694	toilet plumbing	1		40	7		otherprop	Objects						
695	marble	1	60	40	7	ball	otherprop	Objects					n03721047	marble.n.02
696	table speaker	1	54	40	7	speaker	otherprop	Objects			speaker	3691459	n03691459	loudspeaker.n.01
697	talbetop	1		40	7		otherprop	Objects						
698	gym cycle	1		40	7		otherprop	Objects						
699	table piece	1		40	7		otherprop	Objects						
700	counter panel	1		40	7		otherprop	Objects						
701	plug/outlet	1		40	7		otherprop	Objects						
702	till	1	26	29	7	box	box	Objects					n02976939	cashbox.n.01
703	sink unit	1		40	7		otherprop	Objects						
704	urinary	1		40	7		otherprop	Objects						
705	ball chair	1	5	5	4	chair	chair	Chair	chair	chair	chair	3001627	n03001627	chair.n.01
706	of shelf	1		40	7		otherprop	Objects						
707	shower rack	1	614	40	7	shoe rack	otherprop	Objects						
708	full bed	1	157	4	1	bed	bed	Bed	bed	bed	bed	2818832	n02818832	bed.n.01
709	sink cupboard	1		40	7		otherprop	Objects						
710	house shoe	1	149	40	7	shoe	otherprop	Objects						
711	cha	1		40	7		otherprop	Objects						
712	beachball	1	60	40	7	ball	otherprop	Objects					n02814224	beach_ball.n.01
713	game table	1	429	40	7	game table	otherprop	Objects	table	table	table	4379243	n04379243	table.n.02
714	tiny table	1	19	7	10	table	table	Table	table	table	table	4379243	n04379243	table.n.02
715	feminine hygiene waste basket	1	39	40	7	basket	otherprop	Objects			basket	2801938	n02801938	basket.n.01
716	dicplay case	1	851	40	7	case	otherprop	Objects						
717	end table chair	1	5	5	4	chair	chair	Chair	chair	chair	chair	3001627	n03001627	chair.n.01
718	cardbox	1		40	7		otherprop	Objects						
719	envelope	1	476	40	7	envelope	otherprop	Objects					n03291819	envelope.n.01
720	resevoir	1		40	7		otherprop	Objects						
721	rabbit	1		40	7		otherprop	Objects					n02324045	rabbit.n.01
722	board meeting table	1	19	7	10	table	table	Table	table	table	table	4379243	n04379243	table.n.02
723	hold	1	758	40	7	handle	otherprop	Objects						
724	laser printer	1	66	40	7	printer	otherprop	Objects			printer	4004475	n03643737	laser_printer.n.01
725	glasses case	1	851	40	7	case	otherprop	Objects					n03438863	glasses_case.n.01
726	thermos	1	693	40	7	flask	otherprop	Objects	bottle		bottle	2876657	n04422727	thermos.n.01
727	shelving unit	1		40	7		otherprop	Objects						
728	bath towel	1	135	27	7	towel	towel	Objects					n02808304	bath_towel.n.01
729	monitor stand	1	50	39	6	stand	otherfurniture	Furniture						
730	breakfast bar	1	51	38	7	bar	otherstructure	Objects						
731	flat screen television	1	172	25	11	television	television	TV						
732	dressin table	1	19	7	10	table	table	Table	table	table	table	4379243	n04379243	table.n.02
733	dress rack	1	50	39	6	stand	otherfurniture	Furniture					n03238762	dress_rack.n.01
734	plates of food	1		40	7		otherprop	Objects						
735	figure	1		40	7		otherprop	Objects						
736	credenza	1	7	12	6	counter	counter	Furniture					n03129753	credenza.n.01
737	oejcts	1		40	7		otherprop	Objects						
738	sinktop	1		40	7		otherprop	Objects						
739	wall.table	1		40	7		otherprop	Objects						
740	penholder	1	464	40	7	pen holder	otherprop	Objects						
741	wall panel	1	21	1	12	wall	wall	Wall					n04548503	wall_panel.n.01
742	stair landing	1		40	7		otherprop	Objects						
743	wallpapere	1		40	7		otherprop	Objects						
744	water dispencer	1	507	40	7	water dispenser	otherprop	Objects						
745	therostat	1	110	40	7	thermostat	otherprop	Objects						
746	frying pan	1	318	40	7	frying pan	otherprop	Objects					n03400231	frying_pan.n.01
747	separator	1		40	7		otherprop	Objects					n02995998	centrifuge.n.01
748	divider	1		40	7		otherprop	Objects						
749	ceiling lamp	1	144	35	7	lamp	lamp	Objects	lamp		lamp	3636649	n03636649	lamp.n.02
750	rod	1		40	7		otherprop	Objects			pistol	3948459	n03427202	gat.n.01
751	;amps	1		40	7		otherprop	Objects						
752	vaccum	1		40	7		otherprop	Objects						
753	chair b'	1		40	7		otherprop	Objects						
754	paint bucket	1	427	40	7	bucket	otherprop	Objects						
755	lighting	1		40	7		otherprop	Objects					n03667235	lighting.n.02
756	tablecloth	1	292	40	7	tablecloth	otherprop	Objects					n04380143	tablecloth.n.01
757	plank	1	408	38	7	board	otherstructure	Objects					n15101854	board.n.02
758	sink pipe	1	41	40	7	pipe	otherprop	Objects						
759	concrete slab	1		40	7		otherprop	Objects						
760	mini couch	1	83	6	9	sofa	sofa	Sofa	sofa	sofa	sofa	4256520	n04256520	sofa.n.01
761	post it	1		40	7		otherprop	Objects						
762	stair down	1		40	7		otherprop	Objects						
763	spout	1	41	40	7	pipe	otherprop	Objects					n04287153	spout.n.01
764	cutlery	1		40	7		otherprop	Objects					n03154073	cutter.n.06
765	magazine rack	1	50	39	6	stand	otherfurniture	Furniture					n03704549	magazine_rack.n.01
766	mini printer	1	66	40	7	printer	otherprop	Objects			printer	4004475	n04004475	printer.n.03
767	tray box	1	26	29	7	box	box	Objects						
768	level 2 stair case	1	851	40	7	case	otherprop	Objects						
769	industrial machine	1	220	40	7	machine	otherprop	Objects						
770	giường	1		40	7		otherprop	Objects						
771	induction cooktop	1		40	7		otherprop	Objects						
772	artwork	1		40	7		otherprop	Objects						
773	pillowcase	1	851	40	7	case	otherprop	Objects					n02975412	case.n.19
774	window wall	1	21	1	12	wall	wall	Wall						
775	minibar	1	7	12	6	counter	counter	Furniture					n03769610	minibar.n.01
776	laundry detergent	1		40	7		otherprop	Objects						
777	serving plate	1	233	40	7	plate	otherprop	Objects						
778	dirty basket	1	39	40	7	basket	otherprop	Objects			basket	2801938	n02801938	basket.n.01
779	reading lamp	1	144	35	7	lamp	lamp	Objects	lamp		lamp	3636649	n04057981	reading_lamp.n.01
780	open cabinet	1	3	3	6	cabinet	cabinet	Furniture			cabinet	2933112	n02933112	cabinet.n.01
781	hand truck	1	305	40	7	cart	otherprop	Objects					n03490119	hand_truck.n.01
782	pad	1		40	7		otherprop	Objects					n03195485	diggings.n.02
783	laptop table	1	19	7	10	table	table	Table	table	table	table	4379243	n04379243	table.n.02
784	ventilator window	1	59	9	13	window	window	Window						
785	esll	1		40	7		otherprop	Objects						
786	sofa bed	1	157	4	1	bed	bed	Bed	bed	bed	bed	2818832	n02818832	bed.n.01
787	safa	1		40	7		otherprop	Objects						
788	heating system	1		40	7		otherprop	Objects					n03509025	heating_system.n.01
789	floor]floo	1		40	7		otherprop	Objects						
790	facial scrub	1		40	7		otherprop	Objects						
791	vent hood	1		40	7		otherprop	Objects						
792	office cupboard	1		40	7		otherprop	Objects						
793	stand fan	1	74	40	7	fan	otherprop	Objects						
794	storage shelf	1		40	7		otherprop	Objects						
795	hanging clothes	1	141	21	7	clothes	clothes	Objects						
796	fuse box	1	26	29	7	box	box	Objects						
797	pizza	1		40	7		otherprop	Objects						
798	personal effect	1		40	7		otherprop	Objects						
799	drawer organizer	1		40	7		otherprop	Objects						
800	main board	1	408	38	7	board	otherstructure	Objects						
801	loofa	1		40	7		otherprop	Objects						
802	shower surround	1		40	7		otherprop	Objects						
803	bycicle	1		40	7		otherprop	Objects						
804	all-in-one computer	1	46	40	7	computer	otherprop	Objects						
805	box of tissue	1	648	40	7	tissue	otherprop	Objects						
806	doorlock	1	646	40	7	door lock	otherprop	Objects					n03223162	doorlock.n.01
807	base unit	1		40	7		otherprop	Objects						
808	tennis ball	1	60	40	7	ball	otherprop	Objects					n04409515	tennis_ball.n.01
809	snack machine	1	220	40	7	machine	otherprop	Objects						
810	laptop bag	1	55	37	7	bag	bag	Objects						
811	hallway wall	1	21	1	12	wall	wall	Wall						
812	msic	1		40	7		otherprop	Objects						
813	file organizer	1		40	7		otherprop	Objects						
814	fire hose	1		40	7		otherprop	Objects					n03346004	fire_hose.n.01
815	media center	1		40	7		otherprop	Objects						
816	umbrella	1	203	40	7	umbrella	otherprop	Objects					n04507155	umbrella.n.01
817	barrier	1		40	7		otherprop	Objects					n02796623	barrier.n.01
818	dirt	1		40	7		otherprop	Objects						
819	subwoofer	1	54	40	7	speaker	otherprop	Objects			speaker	3691459	n04349401	subwoofer.n.01
820	table tennis	1		40	7		otherprop	Objects						
821	printer/scanner	1		40	7		otherprop	Objects						
822	drying rack	1	262	39	6	drying rack	otherfurniture	Furniture						
823	wppd [ame;owood paneling	1		40	7		otherprop	Objects						
824	toilet robe	1		40	7		otherprop	Objects						
825	printer stand	1	50	39	6	stand	otherfurniture	Furniture						
826	shower screen	1		40	7		otherprop	Objects						
827	water bed	1	157	4	1	bed	bed	Bed	bed	bed	bed	2818832	n04557522	water_bed.n.01
828	display sign	1	208	40	7	sign	otherprop	Objects						
829	diaper bin	1	307	40	7	bin	otherprop	Objects						
830	router	1	303	40	7	router	otherprop	Objects						
831	ashtray	1	377	40	7	ashtray	otherprop	Objects					n02747802	ashtray.n.01
832	footrest/table	1		40	7		otherprop	Objects						
833	cleaning brush	1		40	7		otherprop	Objects						
834	bathroom desk	1	36	14	10	desk	desk	Table	desk	desk	table	4379243	n03179701	desk.n.01
835	toilet commode	1		40	7		otherprop	Objects						
836	staicase handrail	1		40	7		otherprop	Objects						
837	clothes shelf	1		40	7		otherprop	Objects						
838	dink	1		40	7		otherprop	Objects						
839	toilet seat protectors	1		40	7		otherprop	Objects						
840	stuffware	1		40	7		otherprop	Objects						
841	low table for storage	1		40	7		otherprop	Objects						
842	covered stuff	1		40	7		otherprop	Objects						
843	hood	1		40	7		otherprop	Objects						
844	floor reflection	1		40	7		otherprop	Objects						
845	can opener	1	279	40	7	can opener	otherprop	Objects					n02951585	can_opener.n.01
846	top	1		40	7		otherprop	Objects						
847	wheely bin	1	307	40	7	bin	otherprop	Objects						
848	book bag	1	55	37	7	bag	bag	Objects					n02870676	book_bag.n.01
849	body wash	1		40	7		otherprop	Objects						
850	study chair	1	5	5	4	chair	chair	Chair	chair	chair	chair	3001627	n03001627	chair.n.01
851	stepladder	1	48	39	6	ladder	otherfurniture	Furniture	stairs				n04315599	step_ladder.n.01
852	paper holder	1	470	40	7	paper holder	otherprop	Objects						
853	white	1		40	7		otherprop	Objects						
854	yoga ball	1	60	40	7	ball	otherprop	Objects						
855	consol	1		40	7		otherprop	Objects						
856	cloths container	1	140	40	7	container	otherprop	Objects						
857	shorts	1	192	40	7	shorts	otherprop	Objects					n04204755	short_circuit.n.01
858	emergency exit windows	1		40	7		otherprop	Objects						
859	gym	1		40	7		otherprop	Objects					n03472112	gymnasium.n.02
860	box of tissues	1		40	7		otherprop	Objects						
861	trolly	1	221	39	6	trolly	otherfurniture	Furniture						
862	water purifyer	1	93	40	7	water purifier	otherprop	Objects						
863	clutter'	1		40	7		otherprop	Objects						
864	wallend	1		40	7		otherprop	Objects						
865	tissue `paper	1		40	7		otherprop	Objects						
866	mop and bucket	1	427	40	7	bucket	otherprop	Objects						
867	grocery	1		40	7		otherprop	Objects					n03461385	grocery_store.n.01
868	worktable	1	19	7	10	table	table	Table	table	table	table	4379243	n04603729	worktable.n.01
869	air outlet	1		40	7		otherprop	Objects						
870	fold	1	97	40	7	pen	otherprop	Objects					n03376159	fold.n.06
871	toilet commoed	1		40	7		otherprop	Objects						
872	handfold	1		40	7		otherprop	Objects						
873	business chair	1	5	5	4	chair	chair	Chair	chair	chair	chair	3001627	n03001627	chair.n.01
874	llong table chair	1	5	5	4	chair	chair	Chair	chair	chair	chair	3001627	n03001627	chair.n.01
875	books in a shelf	1		40	7		otherprop	Objects						
876	chaurs	1		40	7		otherprop	Objects						
877	tennis table stand	1	50	39	6	stand	otherfurniture	Furniture						
878	kitchen water purifier	1	93	40	7	water purifier	otherprop	Objects						
879	lid	1	533	40	7	lid	otherprop	Objects						
880	electric hob	1		40	7		otherprop	Objects						
881	baggage	1	783	40	7	luggage	otherprop	Objects						
882	cpnter	1		40	7		otherprop	Objects						
883	stairs (exit)	1		40	7		otherprop	Objects						
884	equipment	1		40	7		otherprop	Objects					n03294048	equipment.n.01
885	rocking chair	1	5	5	4	chair	chair	Chair	chair	chair	chair	3001627	n04099969	rocking_chair.n.01
886	bunkbed	1	804	39	6	bunk bed	otherfurniture	Furniture						
887	divan	1	83	6	9	sofa	sofa	Sofa	sofa	sofa	sofa	4256520	n03214966	divan.n.01
888	bottle of hand sanitizer	1		40	7		otherprop	Objects						
889	sales stall	1		40	7		otherprop	Objects						
890	dehumidifer	1		40	7		otherprop	Objects						
891	wall cover	1		40	7		otherprop	Objects						
892	plumbing	1		40	7		otherprop	Objects					n03969041	plumbing.n.01
893	elliptical machine	1	220	40	7	machine	otherprop	Objects						
894	playball	1		40	7		otherprop	Objects						
895	safety bar	1	51	38	7	bar	otherstructure	Objects						
896	stereo	1	84	40	7	stereo	otherprop	Objects					n04315948	stereo.n.01
897	havlu	1		40	7		otherprop	Objects						
898	handbag	1		40	7		otherprop	Objects					n02774152	bag.n.04
899	furnance	1	551	39	6	furnace	otherfurniture	Furniture						
900	shleves	1		40	7		otherprop	Objects						
901	coat hanger	1	400	40	7	coat hanger	otherprop	Objects					n03057920	coat_hanger.n.01
902	erar wall	1	21	1	12	wall	wall	Wall						
903	bed bench	1	204	39	6	bench	otherfurniture	Furniture	bench		bench	2828884	n02828884	bench.n.01
904	tissu	1	648	40	7	tissue	otherprop	Objects						
905	plastic tub	1	232	40	7	plastic tub	otherprop	Objects	bathtub	bathtub	tub	2808440	n02808440	bathtub.n.01
906	potholder	1		40	7		otherprop	Objects					n03992115	potholder.n.01
907	coffee mug	1	263	40	7	vessel	otherprop	Objects			cup or mug	3797390	n03063599	coffee_mug.n.01
908	tennis rcket bag	1	55	37	7	bag	bag	Objects						
909	stand lamp	1	144	35	7	lamp	lamp	Objects	lamp		lamp	3636649	n03636649	lamp.n.02
910	bed/sofa	1		40	7		otherprop	Objects						
911	laundry supply	1		40	7		otherprop	Objects						
912	document shredder	1		40	7		otherprop	Objects						
913	gas-range stove	1	242	38	7	stove	otherstructure	Objects			stove	4330267	n04330267	stove.n.02
914	table soccer	1		40	7		otherprop	Objects						
915	cookingrange	1		40	7		otherprop	Objects						
916	bookbags	1		40	7		otherprop	Objects						
917	downstairs	1		40	7		otherprop	Objects						
918	coffeepot	1	893	40	7	coffee pot	otherprop	Objects					n03063689	coffeepot.n.01
919	jar	1	70	40	7	jar	otherprop	Objects			jar	3593526	n03593526	jar.n.01
920	rear wall	1	21	1	12	wall	wall	Wall						
921	part of chair	1	5	5	4	chair	chair	Chair	chair	chair	chair	3001627	n03001627	chair.n.01
922	tape	1	109	40	7	tape	otherprop	Objects						
923	drawer table	1	19	7	10	table	table	Table	table	table	table	4379243	n04379243	table.n.02
924	woodenrack	1		40	7		otherprop	Objects						
925	toilet floor	1	11	2	5	floor	floor	Floor						
926	cushioned seating	1		40	7		otherprop	Objects						
927	bulls eye	1		40	7		otherprop	Objects						
928	soft mat	1		40	7		otherprop	Objects						
929	snack box	1	26	29	7	box	box	Objects						
930	desk organizer	1		40	7		otherprop	Objects						
931	footboard	1	559	40	7	sheet	otherprop	Objects					n03379461	footboard.n.02
932	wall hook	1		40	7		otherprop	Objects						
933	chopping board	1	408	38	7	board	otherstructure	Objects					n03025513	chopping_board.n.01
934	round picture	1	64	11	8	picture	picture	Picture						
935	chimney	1	702	38	7	chimney	otherstructure	Objects					n03017428	chimney.n.01
936	studio screen	1		40	7		otherprop	Objects						
937	personal belonging	1		40	7		otherprop	Objects						
938	roll of paper	1	15	26	7	paper	paper	Objects						
939	gaming wheel	1		40	7		otherprop	Objects						
940	landlord	1	331	31	7	person	person	Objects	person				n10245236	landlord.n.01
941	ebd	1		40	7		otherprop	Objects						
942	heater radiator	1	236	39	6	radiator	otherfurniture	Furniture						
943	cabinet above	1		40	7		otherprop	Objects						
944	weighted plate	1	233	40	7	plate	otherprop	Objects						
945	travelling bag	1	55	37	7	bag	bag	Objects			suitcase	2773838	n02773838	bag.n.06
946	desk material	1		40	7		otherprop	Objects						
947	door wall	1	21	1	12	wall	wall	Wall						
948	traffic cone	1	6	40	7	cone	otherprop	Objects	cone					
949	computer mouse	1	103	40	7	mouse	otherprop	Objects					n03793489	mouse.n.04
950	coathanger	1	400	40	7	coat hanger	otherprop	Objects						
951	bureau	1	524	39	6	furniture	otherfurniture	Furniture	dresser	dresser			n03015254	chest_of_drawers.n.01
952	tyre	1		40	7		otherprop	Objects					n04440749	tire.n.01
953	armchairchair	1		40	7		otherprop	Objects						
954	oven range	1		40	7		otherprop	Objects						
955	pants	1		40	7		otherprop	Objects					n04489008	trouser.n.01
956	chiropractic chair	1	5	5	4	chair	chair	Chair	chair	chair	chair	3001627	n03001627	chair.n.01
957	keg	1	343	39	6	barrel	otherfurniture	Furniture					n03610418	keg.n.02
958	spray	1		40	7		otherprop	Objects					n02754103	atomizer.n.01
959	paper trimmer	1		40	7		otherprop	Objects						
960	standing whiteboard	1	45	30	7	whiteboard	whiteboard	Objects						
961	desk drawer	1	475	39	6	desk drawer	otherfurniture	Furniture						
962	window/windowed door	1	28	8	12	door	door	Wall	door					
963	soapbox	1	671	40	7	soap box	otherprop	Objects						
964	pillow sofa	1	83	6	9	sofa	sofa	Sofa	sofa	sofa	sofa	4256520	n04256520	sofa.n.01
965	centre table	1	19	7	10	table	table	Table	table	table	table	4379243	n04379243	table.n.02
966	doorway	1	609	38	7	door way	otherstructure	Objects	door				n03224032	doorway.n.01
967	wall and whiteboard	1	45	30	7	whiteboard	whiteboard	Objects						
968	laptop computer	1	46	40	7	computer	otherprop	Objects	laptop		laptop	3642806	n03642806	laptop.n.01
969	scanner/copier	1		40	7		otherprop	Objects						
970	suitcase w/clothes	1		40	7		otherprop	Objects						
971	power pusher	1		40	7		otherprop	Objects						
972	shower faucet handle	1	758	40	7	handle	otherprop	Objects						
973	walk	1		40	7		otherprop	Objects					n04544979	walk.n.05
974	matte	1		40	7		otherprop	Objects						
975	atm machine	1	220	40	7	machine	otherprop	Objects						
976	garage door	1	850	38	7	garage door	otherstructure	Objects	door					
977	wals	1		40	7		otherprop	Objects						
978	cabinet aisle	1		40	7		otherprop	Objects						
979	table light	1	62	38	7	light	otherstructure	Objects						
980	guillotine paper trimmer	1		40	7		otherprop	Objects						
981	round 2\	1		40	7		otherprop	Objects						
982	teddy	1		40	7		otherprop	Objects					n03013580	chemise.n.01
983	white board/divider	1		40	7		otherprop	Objects						
984	white wall	1	21	1	12	wall	wall	Wall						
985	mark	1		40	7		otherprop	Objects					n04681387	crisscross.n.01
986	partition wall	1	21	1	12	wall	wall	Wall						
987	shag rug	1	130	40	7	rug	otherprop	Objects					n04183217	shag_rug.n.01
988	upstair way	1		40	7		otherprop	Objects						
989	music stand'	1	820	39	6	music stand	otherfurniture	Furniture						
990	recamier	1		40	7		otherprop	Objects						
991	venthole	1		40	7		otherprop	Objects					n04526241	vent.n.01
992	dining seat	1		40	7		otherprop	Objects						
993	toilet cover	1		40	7		otherprop	Objects						
994	personal item	1		40	7		otherprop	Objects						
995	tallboy	1	524	39	6	furniture	otherfurniture	Furniture	dresser	dresser			n03518305	highboy.n.01
996	drawers unit	1		40	7		otherprop	Objects						
997	teapot	1	678	40	7	tea pot	otherprop	Objects					n04398044	teapot.n.01
998	cook cabinet	1	3	3	6	cabinet	cabinet	Furniture			cabinet	2933112	n02933112	cabinet.n.01
999	wok pan	1	589	40	7	pan	otherprop	Objects						
1000	tv tray	1	179	40	7	tray	otherprop	Objects						
1001	round chair	1	5	5	4	chair	chair	Chair	chair	chair	chair	3001627	n03001627	chair.n.01
1002	sawhorse	1		40	7		otherprop	Objects					n04140631	sawhorse.n.01
1003	kitchen range	1	242	38	7	stove	otherstructure	Objects					n04330340	stove.n.01
1004	busdrver	1		40	7		otherprop	Objects						
1005	barricade	1		40	7		otherprop	Objects						
1006	wall ornament	1		40	7		otherprop	Objects						
1007	color printer	1	66	40	7	printer	otherprop	Objects			printer	4004475	n04004475	printer.n.03
1008	sticker	1	725	40	7	sticker	otherprop	Objects					n07272545	gummed_label.n.01
1009	exit sign	1	86	40	7	exit sign	otherprop	Objects						
1010	gas stove	1	242	38	7	stove	otherstructure	Objects			stove	4330267	n04330267	stove.n.02
1011	venta hood	1		40	7		otherprop	Objects						
1012	copier/printer	1		40	7		otherprop	Objects						
1013	wall-mounted lamp	1	144	35	7	lamp	lamp	Objects	lamp		lamp	3636649	n03636649	lamp.n.02
1014	item box	1	26	29	7	box	box	Objects						
1015	water puifyer	1		40	7		otherprop	Objects						
1016	wall papper	1		40	7		otherprop	Objects						
1017	salt and peper	1	737	40	7	salt and pepper	otherprop	Objects						
1018	printer four	1		40	7		otherprop	Objects						
1019	towel fastener	1		40	7		otherprop	Objects						
1020	basth	1		40	7		otherprop	Objects						
1021	flipflops	1		40	7		otherprop	Objects						
1022	bonus	1		40	7		otherprop	Objects						
1023	kitchen box	1	26	29	7	box	box	Objects					n02883344	box.n.01
1024	central heating unit	1		40	7		otherprop	Objects						
1025	hanging tubelight	1		40	7		otherprop	Objects						
1026	soccer ball	1	837	40	7	soccer ball	otherprop	Objects					n04254680	soccer_ball.n.01
1027	almarah	1		40	7		otherprop	Objects						
1028	canopy	1		40	7		otherprop	Objects						
1029	med box	1	26	29	7	box	box	Objects						
1030	drain	1	567	38	7	drain	otherstructure	Objects						
1031	panelling	1	21	1	12	wall	wall	Wall					n03882611	paneling.n.01
1032	bed stand	1	50	39	6	stand	otherfurniture	Furniture						
1033	deal	1	408	38	7	board	otherstructure	Objects					n15102622	deal.n.04
1034	massage	1		40	7		otherprop	Objects						
1035	safety rail	1	497	38	7	railing	otherstructure	Objects					n04127395	safety_rail.n.01
1036	vacuumer	1		40	7		otherprop	Objects						
1037	binfl	1		40	7		otherprop	Objects						
1038	lightbulb	1	566	40	7	light bulb	otherprop	Objects	lamp				n03665924	light_bulb.n.01
1039	door hydraulic	1		40	7		otherprop	Objects						
1040	induction cook top	1		40	7		otherprop	Objects						
1041	bedstand	1		40	7		otherprop	Objects						
1042	calander	1		40	7		otherprop	Objects						
1043	set of seats	1		40	7		otherprop	Objects						
1044	chocolate bar dispenser	1		40	7		otherprop	Objects						
1045	wall unit tv	1		40	7		otherprop	Objects						
1046	broomstick	1	328	40	7	broom	otherprop	Objects					n02907082	broomstick.n.01
1047	bath faucet	1	9	40	7	faucet	otherprop	Objects			faucet	3325088	n03325088	faucet.n.01
1048	folded cloth	1		40	7		otherprop	Objects						
1049	supply	1		40	7		otherprop	Objects						
1050	under oven drawer	1	174	39	6	drawer	otherfurniture	Furniture						
1051	kinect	1	823	40	7	kinect	otherprop	Objects						
1052	cash	1		40	7		otherprop	Objects					n10886222	cash.n.03
1053	dining side wall	1	21	1	12	wall	wall	Wall						
1054	log	1		40	7		otherprop	Objects					n03686658	log.n.05
1055	garden gnome	1		40	7		otherprop	Objects						
1056	coucnb	1		40	7		otherprop	Objects						
1057	dart	1		40	7		otherprop	Objects					n03162818	dart.n.01
1058	dust pan and brush	1		40	7		otherprop	Objects						
1059	smoke alarm	1	525	40	7	alarm	otherprop	Objects					n03343737	fire_alarm.n.02
1060	kitchen top	1		40	7		otherprop	Objects						
1061	toilet flush	1		40	7		otherprop	Objects						
1062	cooler	1	17	24	6	refridgerator	refridgerator	Furniture					n03102654	cooler.n.01
1063	kitchen island	1	456	38	7	kitchen island	otherstructure	Objects					n03620600	kitchen_island.n.01
1064	balcony	1		40	7		otherprop	Objects						
1065	escape door	1	28	8	12	door	door	Wall	door					
1066	hammer	1	883	40	7	hammer	otherprop	Objects					n03481172	hammer.n.02
1067	wall and paiting	1		40	7		otherprop	Objects						
1068	kitch shelf	1		40	7		otherprop	Objects						
1069	handwasher	1		40	7		otherprop	Objects						
1070	vanity top	1		40	7		otherprop	Objects						
1071	bodyboard	1		40	7		otherprop	Objects						
1072	messenger bag	1	55	37	7	bag	bag	Objects						
1073	stationary bike	1		40	7		otherprop	Objects						
1074	cabinet countertop	1		40	7		otherprop	Objects						
1075	ping pong padle	1		40	7		otherprop	Objects						
1076	teapoy	1		40	7		otherprop	Objects						
1077	clothes basket	1	39	40	7	basket	otherprop	Objects			basket	2801938	n03050864	clothes_hamper.n.01
1078	xbox	1	628	40	7	xbox	otherprop	Objects	xbox					
1079	both	1		40	7		otherprop	Objects						
1080	foosball	1		40	7		otherprop	Objects						
1081	soad stand	1	50	39	6	stand	otherfurniture	Furniture						
1082	prop	1		40	7		otherprop	Objects					n02692086	airplane_propeller.n.01
1083	buddha	1		40	7		otherprop	Objects						
1084	reflection in a mirror	1	122	19	7	mirror	mirror	Objects						
1085	bar stol	1		40	7		otherprop	Objects						
1086	oven/stove	1		40	7		otherprop	Objects						
1087	patterned rug	1	130	40	7	rug	otherprop	Objects						
1088	window panel	1		40	7		otherprop	Objects						
1089	vault	1		40	7		otherprop	Objects						
1090	dust bin cover	1		40	7		otherprop	Objects						
1091	throw	1	872	40	7	throw	otherprop	Objects					n04429971	throw.n.04
1092	painting and frame	1		40	7		otherprop	Objects						
1093	covered piano	1	298	39	6	piano	otherfurniture	Furniture	piano		piano	3928116	n03928116	piano.n.01
1094	drawer unit	1		40	7		otherprop	Objects						
1095	aircon	1		40	7		otherprop	Objects						
1096	package	1		40	7		otherprop	Objects					n03871083	package.n.02
1097	gas vent	1		40	7		otherprop	Objects						
1098	block	1		40	7		otherprop	Objects						
1099	cloth container	1	140	40	7	container	otherprop	Objects						
1100	additional printer	1	66	40	7	printer	otherprop	Objects			printer	4004475	n04004475	printer.n.03
1101	danger sign	1	208	40	7	sign	otherprop	Objects						
1102	game machine	1	220	40	7	machine	otherprop	Objects						
1103	light fixture	1		40	7		otherprop	Objects						
1104	utility	1		40	7		otherprop	Objects					n04516874	utility.n.06
1105	base rack	1		40	7		otherprop	Objects						
1106	staircase landing	1		40	7		otherprop	Objects						
1107	szll	1		40	7		otherprop	Objects						
1108	piano note	1		40	7		otherprop	Objects						
1109	bboks	1		40	7		otherprop	Objects						
1110	cabord	1		40	7		otherprop	Objects						
1111	central table	1	19	7	10	table	table	Table	table	table	table	4379243	n04379243	table.n.02
1112	splash	1		40	7		otherprop	Objects					n04682319	splash.n.04
1113	suit	1		40	7		otherprop	Objects					n04350905	suit.n.01
1114	cook top	1		40	7		otherprop	Objects						
1115	jug	1	687	40	7	jug	otherprop	Objects	bottle		bottle	2876657	n03603722	jug.n.01
1116	stepstool	1	276	40	7	step stool	otherprop	Objects						
1117	tripod	1	50	39	6	stand	otherfurniture	Furniture					n04485082	tripod.n.01
1118	cover box	1	26	29	7	box	box	Objects						
1119	baby crib	1	485	39	6	crib	otherfurniture	Furniture						
1120	air condisnor	1		40	7		otherprop	Objects						
1121	water softner	1		40	7		otherprop	Objects						
1122	chandelier	1	342	38	7	chandelier	otherstructure	Objects					n03005285	chandelier.n.01
1123	floor patterning	1		40	7		otherprop	Objects						
1124	tablet top	1		40	7		otherprop	Objects						
1125	smoke detector	1		40	7		otherprop	Objects						
1126	baseball cap	1		40	7		otherprop	Objects			cap	2954340	n02799323	baseball_cap.n.01
1127	tissue roll holder	1		40	7		otherprop	Objects						
1128	case of water	1		40	7		otherprop	Objects						
1129	wall-organizer	1		40	7		otherprop	Objects						
1130	piece	1		40	7		otherprop	Objects					n03343853	firearm.n.01
1131	wheelbarrel	1		40	7		otherprop	Objects						
1132	desktop item	1		40	7		otherprop	Objects						
1133	tv showcase	1		40	7		otherprop	Objects						
1134	chelves	1		40	7		otherprop	Objects						
1135	toothbrush	1	127	40	7	toothbrush	otherprop	Objects					n04453156	toothbrush.n.01
1136	chiffonière	1		40	7		otherprop	Objects						
1137	leg towel	1	135	27	7	towel	towel	Objects						
1138	flowers/decorations	1		40	7		otherprop	Objects						
1139	snake toy	1	389	40	7	toy	otherprop	Objects						
1140	cabinet's side	1		40	7		otherprop	Objects						
1141	bedroom chair	1	5	5	4	chair	chair	Chair	chair	chair	chair	3001627	n03001627	chair.n.01
1142	drum	1	145	40	7	drum	otherprop	Objects					n03249569	drum.n.01
1143	liquid soap	1	133	40	7	soap	otherprop	Objects						
1144	set of bedding	1		40	7		otherprop	Objects						
1145	night lamp	1	144	35	7	lamp	lamp	Objects	lamp		lamp	3636649	n03636649	lamp.n.02
1146	post board	1	408	38	7	board	otherstructure	Objects						
1147	measuring cup	1	730	40	7	measuring cup	otherprop	Objects	cup				n03733805	measuring_cup.n.01
1148	baseboard heater	1	111	39	6	heater	otherfurniture	Furniture						
1149	paper shelf	1		40	7		otherprop	Objects						
1150	alert sheet	1	559	40	7	sheet	otherprop	Objects						
1151	duster	1	115	40	7	duster	otherprop	Objects					n03258330	dustcloth.n.01
1152	snooker table	1	19	7	10	table	table	Table	table	table	table	4379243	n03982430	pool_table.n.01
1153	leg rest	1		40	7		otherprop	Objects						
1154	wall storage	1		40	7		otherprop	Objects						
1155	office board	1	408	38	7	board	otherstructure	Objects						
1156	bathroom counter	1	7	12	6	counter	counter	Furniture	table	table	table	4379243	n03116530	counter.n.01
1157	table sofa	1	83	6	9	sofa	sofa	Sofa	sofa	sofa	sofa	4256520	n04256520	sofa.n.01
1158	glass-topped table	1	19	7	10	table	table	Table	table	table	table	4379243	n04379243	table.n.02
1159	racket bat	1		40	7		otherprop	Objects						
1160	fridge handle	1	758	40	7	handle	otherprop	Objects						
1161	stove top	1		40	7		otherprop	Objects						
1162	monitor from pc	1		40	7		otherprop	Objects						
1163	stick	1	529	40	7	stick	otherprop	Objects						
1164	exercising machine	3	220	40	7	machine	otherprop	Objects						
